Workbook

Sheet Start here
A1: How to use this sheet
A3: 1. Curve and Vols: paste the SONIA OIS rates and the swaption surface (normal vols by offset from ATM). Set the as-of date on Settings.
A4: 2. Structure: choose the swap term, the fixed rate we pay (or 'fair') and the coupon frequency. Type a preset (e.g. 'six dates') or tick dates yourself on Schedule.
A5: 3. Schedule: one row per coupon period. Tick 'Cancel here?' on the dates the bank may cancel. Turn the column into checkboxes once via Insert > Checkbox.
A6: 4. Set Settings!Run to TRUE. The Mac script (price_sheet.py --watch) prices it and writes Results and the per-date columns on Schedule. Status shows when it finished.
A8: Reading the results
A10: Cancel right, value to bank: what the bank's option is worth on the model. Coupon discount: what paying our fixed rate instead of the par rate is worth to us over the full term. The difference is the bank's take.
A11: Intrinsic: the forward swap value on the best single date - pure curve arithmetic, nobody argues with it. Best European: that date's option on its own. Bermudan time value: what the other ticked dates add. Multiple = cancel right / best European; ~1.10 is model-fair, 1.07 is a good print, 1.00 means the bank pays only for one date.
A12: £ per 10 bp of rate: how much value moves when our fixed rate moves 10 bp. Small (~£44k on the 40y) because the option is deep in the money - which is why bank charges and the multiple matter so much in rate terms.
A14: Things to try
A16: Untick every date but one (or preset 'single 2y'): the multiple goes to 1.00 and the value drops to the European. Tick six dates: most of the value comes back. Tick everything to year 40 ('full strip'): little changes past year 15.
A17: Change the fixed rate: the cancel right and the coupon discount move together; watch the bank's take. Set the rate to 'fair' to solve where they cross.
... A19: On Schedule, read 'Strike - forward' and 'Intrinsic if cancelled here': they show, before pricing, how deep in the money the bank is on each date.

Sheet Curve
A1: Tenor | B1: Rate % | D1: Paste the SONIA OIS par rates here (tenor like 10Y, rate in %). Rows can be added; keep the header.
A2: 1Y | B2: 4.431
A3: 2Y | B3: 4.629
A4: 3Y | B4: 4.652
A5: 5Y | B5: 4.657
A6: 7Y | B6: 4.698
A7: 10Y | B7: 4.799
A8: 15Y | B8: 4.958
A9: 20Y | B9: 5.047
A10: 30Y | B10: 5.055
A11: 40Y | B11: 4.965
A12: 50Y | B12: 4.851

Sheet Vols
A1: Expiry (y) | B1: Tenor (y) | C1: ATM strike % | D1: -250 | E1: -225 | F1: -200 | G1: -175 | H1: -100 | I1: -150 | J1: -50 | K1: -125 | L1: 0 | M1: 50 | N1: -75 | O1: 100 | P1: -25 | Q1: 25 | R1: 75 | S1: 125 | T1: 150 | U1: 175 | V1: 200 | W1: 225 | X1: 250
A2: 0.25 | B2: 2 | C2: 4.95001 | D2: 106.68 | E2: 103.75 | F2: 100.46 | G2: 96.79 | H2: 82.49 | I2: 92.7 | J2: 70.77 | K2: 88.08 | L2: 69.39 | M2: 80.23 | N2: 75.84 | O2: 98.53 | P2: 68.77 | Q2: 73.53 | R2: 88.61 | S2: 108.8 | T2: 118.26 | U2: 126.69 | V2: 134.33 | W2: 141.48 | X2: 148.33
A3: 0.25 | B3: 30 | C3: 5.2844 | D3: 160.59 | E3: 157.44 | F3: 153.1 | G3: 147.65 | H3: 133.84 | I3: 141.96 | J3: 130.18 | K3: 137.22 | L3: 130.52 | M3: 135.48 | N3: 131.57 | O3: 143.27 | P3: 129.72 | Q3: 132.61 | R3: 139.04 | S3: 148.25 | T3: 154.06 | U3: 160.76 | V3: 168.23 | W3: 176.1 | X3: 183.97
A4: 1 | B4: 1 | C4: 5.11573 | D4: 98.45 | E4: 95.99 | F4: 93.06 | G4: 89.67 | H4: 79.9 | I4: 86.01 | J4: 77.78 | K4: 82.55 | L4: 79.75 | M4: 87.18 | N4: 78.34 | O4: 98.09 | P4: 78.21 | Q4: 82.74 | R4: 92.41 | S4: 104.09 | T4: 110.4 | U4: 116.97 | V4: 123.74 | W4: 130.63 | X4: 137.54
A5: 1 | B5: 5 | C5: 4.95101 | D5: 114.85 | E5: 113.06 | F5: 111.55 | G5: 110.51 | H5: 111.5 | I5: 110.15 | J5: 115.05 | K5: 110.5 | L5: 120.3 | M5: 127.71 | N5: 113.04 | O5: 137.6 | P5: 117.48 | Q5: 123.6 | R5: 132.45 | S5: 143.04 | T5: 148.67 | U5: 154.47 | V5: 160.39 | W5: 166.44 | X5: 172.6
A6: 1 | B6: 10 | C6: 5.10334 | D6: 138.83 | E6: 136.68 | F6: 134.95 | G6: 133.64 | H6: 131.63 | I6: 132.69 | J6: 131.74 | K6: 132.03 | L6: 133.61 | M6: 137.53 | N6: 131.51 | O6: 142.49 | P6: 132.4 | Q6: 135.41 | R6: 139.9 | S6: 145.29 | T6: 148.28 | U6: 151.46 | V6: 154.83 | W6: 158.38 | X6: 162.13
A7: 1 | B7: 30 | C7: 5.30174 | D7: 150.36 | E7: 148.33 | F7: 146.43 | G7: 144.68 | H7: 140.48 | I7: 143.11 | J7: 138.82 | K7: 141.71 | L7: 139.09 | M7: 141.66 | N7: 139.49 | O7: 144.82 | P7: 138.63 | Q7: 140.27 | R7: 143.18 | S7: 146.62 | T7: 148.59 | U7: 150.74 | V7: 153.11 | W7: 155.69 | X7: 158.5
A8: 5 | B8: 5 | C8: 5.1942 | D8: 125.71 | E8: 126.02 | F8: 126.38 | G8: 126.79 | H8: 128.36 | I8: 127.25 | J8: 129.88 | K8: 127.76 | L8: 131.97 | M8: 134.73 | N8: 129.06 | O8: 138.07 | P8: 130.85 | Q8: 133.26 | R8: 136.37 | S8: 139.8 | T8: 141.58 | U8: 143.4 | V8: 145.28 | W8: 147.21 | X8: 149.2
A9: 5 | B9: 10 | C9: 5.38246 | D9: 127.55 | E9: 127.5 | F9: 127.44 | G9: 127.37 | H9: 127.35 | I9: 127.33 | J9: 127.69 | K9: 127.31 | L9: 128.59 | M9: 130.28 | N9: 127.46 | O9: 132.49 | P9: 128.05 | Q9: 129.33 | R9: 131.39 | S9: 133.57 | T9: 134.64 | U9: 135.72 | V9: 136.81 | W9: 137.93 | X9: 139.09
A10: 10 | B10: 10 | C10: 5.66253 | D10: 126.55 | E10: 126.65 | F10: 126.72 | G10: 126.77 | H10: 126.81 | I10: 126.79 | J10: 126.88 | K10: 126.8 | L10: 127.13 | M10: 127.69 | N10: 126.83 | O10: 128.68 | P10: 126.97 | Q10: 127.36 | R10: 128.12 | S10: 129.32 | T10: 129.99 | U10: 130.69 | V10: 131.42 | W10: 132.2 | X10: 133.03
A11: 10 | B11: 30 | C11: 5.31779 | D11: 120.67 | E11: 120.77 | F11: 120.84 | G11: 120.88 | H11: 120.88 | I11: 120.89 | J11: 120.92 | K11: 120.89 | L11: 121.14 | M11: 121.7 | N11: 120.89 | O11: 122.71 | P11: 121 | Q11: 121.37 | R11: 122.14 | S11: 123.36 | T11: 124.06 | U11: 124.75 | V11: 125.5 | W11: 126.31 | X11: 127.18
A13: Normal vols in bp by offset from ATM (header row = offset in bp; any column order). Paste the screen grid row by row.

Sheet Settings
A1: As-of date | B1: 2026-09-22
A2: Notional | B2: 10000000
A3: Mean reversion | B3: 0.03
A4: Bank take, collateral £ | B4: 150000
A5: Bank take, no collateral £ | B5: 350000
A6: bp of spread per premium point | B6: 23
A7: Investor minimum spread bp | B7: 250
A8: Investor target spread bp | B8: 300
A9: Run | B9: FALSE
A10: Status
A12: Notes | B12: Set Run to TRUE to price (when price_sheet.py --watch is running on the Mac). Status shows the last run.

Sheet Structure
A1: Term (years) | B1: 40
A2: Fixed rate % | B2: 1.43
A3: Frequency (months) | B3: 6
A4: Preset
A6: Notes | B6: Fixed rate: a number, or 'fair' to solve the model-fair rate and the dealt rates at the two take levels. The call schedule is whatever is ticked on the Schedule tab. Preset fills the ticks on the next run (semi-annual 2-15, annual 2-15, annual 3-10, six dates, single 2y, full strip, none) and is then cleared.

Sheet Schedule
A1: # | B1: Start | C1: End | D1: Pay date | E1: Accrual (y) | F1: Fixed cashflow £ | G1: Projected SONIA cashflow £ | H1: Net cashflow £ | I1: Discount factor | J1: PV of net £ | K1: Cancel here? | L1: Exercise date | M1: Forward swap rate from here % | N1: Strike - forward (bp) | O1: Remaining annuity £ per 1% | P1: Intrinsic if cancelled here £ | Q1: European value at this date £ | R1: Normal vol at strike (bp) | Z1: 40|6
A2: 0 | B2: 2026-09-22 | C2: 2027-03-22 | D2: 2027-03-22 | E2: 0.4959 | F2: -70912 | G2: 217328 | H2: 146416 | I2: 0.978729 | J2: 143301 | K2: FALSE | M2: 4.9048 | N2: -347.5 | P2: 0
A3: 1 | B3: 2027-03-22 | C3: 2027-09-22 | D3: 2027-09-22 | E3: 0.5041 | F3: -72088 | G3: 220970 | H3: 148882 | I3: 0.95757 | J3: 142565 | K3: FALSE | L3: 2027-03-18 | M3: 4.9198 | N3: -349 | O3: 1688859 | P3: 5893818
A4: 2 | B4: 2027-09-22 | C4: 2028-03-22 | D4: 2028-03-22 | E4: 0.4986 | F4: -71304 | G4: 238269 | H4: 166965 | I4: 0.935285 | J4: 156160 | K4: FALSE | L4: 2027-09-20 | M4: 4.9356 | N4: -350.6 | O4: 1640587 | P4: 5751253
A5: 3 | B5: 2028-03-22 | C5: 2028-09-22 | D5: 2028-09-22 | E5: 0.5041 | F5: -72088 | G5: 240919 | H5: 168831 | I5: 0.913282 | J5: 154191 | K5: FALSE | L5: 2028-03-20 | M5: 4.9402 | N5: -351 | O5: 1593951 | P5: 5595093
A6: 4 | B6: 2028-09-22 | C6: 2029-03-22 | D6: 2029-03-22 | E6: 0.4959 | F6: -70912 | G6: 230397 | H6: 159485 | I6: 0.892715 | J6: 142374 | K6: TRUE | L6: 2028-09-20 | M6: 4.945 | N6: -351.5 | O6: 1547911 | P6: 5440902
A7: 5 | B7: 2029-03-22 | C7: 2029-09-24 | D7: 2029-09-24 | E7: 0.5096 | F7: -72871 | G7: 236836 | H7: 163965 | I7: 0.872061 | J7: 142988 | K7: TRUE | L7: 2029-03-20 | M7: 4.9538 | N7: -352.4 | O7: 1503643 | P7: 5298528
A8: 6 | B8: 2029-09-24 | C8: 2030-03-22 | D8: 2030-03-22 | E8: 0.4904 | F8: -70129 | G8: 226156 | H8: 156027 | I8: 0.852775 | J8: 133056 | K8: TRUE | L8: 2029-09-20 | M8: 4.963 | N8: -353.3 | O8: 1459278 | P8: 5155695
A9: 7 | B9: 2030-03-22 | C9: 2030-09-23 | D9: 2030-09-23 | E9: 0.5068 | F9: -72479 | G9: 233824 | H9: 161345 | I9: 0.833291 | J9: 134447 | K9: TRUE | L9: 2030-03-20 | M9: 4.9735 | N9: -354.3 | O9: 1417382 | P9: 5022485
A10: 8 | B10: 2030-09-23 | C10: 2031-03-24 | D10: 2031-03-24 | E10: 0.4986 | F10: -71304 | G10: 229989 | H10: 158685 | I10: 0.814557 | J10: 129258 | K10: TRUE | L10: 2030-09-19 | M10: 4.9845 | N10: -355.5 | O10: 1375185 | P10: 4888114
A11: 9 | B11: 2031-03-24 | C11: 2031-09-22 | D11: 2031-09-22 | E11: 0.4986 | F11: -71304 | G11: 229989 | H11: 158685 | I11: 0.796244 | J11: 126352 | K11: TRUE | L11: 2031-03-20 | M11: 4.9958 | N11: -356.6 | O11: 1334606 | P11: 4758934
A12: 10 | B12: 2031-09-22 | C12: 2032-03-22 | D12: 2032-03-22 | E12: 0.4986 | F12: -71304 | G12: 237432 | H12: 166128 | I12: 0.777777 | J12: 129211 | K12: TRUE | L12: 2031-09-18 | M12: 5.0076 | N12: -357.8 | O12: 1294828 | P12: 4632427
A13: 11 | B13: 2032-03-22 | C13: 2032-09-22 | D13: 2032-09-22 | E13: 0.5041 | F13: -72088 | G13: 240073 | H13: 167985 | I13: 0.759542 | J13: 127592 | K13: TRUE | L13: 2032-03-18 | M13: 5.0152 | N13: -358.5 | O13: 1256045 | P13: 4503217
A14: 12 | B14: 2032-09-22 | C14: 2033-03-22 | D14: 2033-03-22 | E14: 0.4959 | F14: -70912 | G14: 236113 | H14: 165200 | I14: 0.742022 | J14: 122582 | K14: TRUE | L14: 2032-09-20 | M14: 5.0232 | N14: -359.3 | O14: 1217756 | P14: 4375625
... A81: 79 | B81: 2066-03-22 | C81: 2066-09-22 | D81: 2066-09-22 | E81: 0.5041 | F81: -72088 | G81: 209221 | H81: 137134 | I81: 0.147841 | J81: 20274 | K81: FALSE | L81: 2066-03-18 | M81: 4.1503 | N81: -272 | O81: 7453 | P81: 20274

Sheet Results
A1: Priced at | B1: reference run 2026-09-22 (live data, 40y, semi-annual 2-15, at model-fair 1.10%) | E1: European ladder
A2: Market as-of | B2: 2026-09-22 | E2: Expiry (y) | F2: Value £ | G2: Forward swap £
A3: Structure | B3: 40y, calls 2-15y every 6m | E3: 2 | F3: 6001490 | G3: 5951713
A4: Model-fair rate % | B4: 1.1
A5: Dealt rate, collateral % | B5: 1.43 | E5: (reference values; the script rewrites this block on every run)
A6: Dealt rate, no collateral % | B6: 1.85
A7: Fixed rate priced % | B7: 1.1
A8: Par swap rate % | B8: 4.905
A9: Annuity £ per 1% | B9: 1737393
A10: Cancel right, value to bank £ | B10: 6612323
A11: Coupon discount, value to us £ | B11: 6610459
A12: Bank's take £ | B12: 1864
A13: Intrinsic (forward swap) £ | B13: 5951713
A14: Best European £ | B14: 6001490
A15: Best European expiry (y) | B15: 2
A16: Bermudan time value £ | B16: 610832
A17: Multiple of best European | B17: 1.102
... A20: Call dates | B20: 27

Sheet Portfolio
A1: LOBO term (y) | B1: Coupon % | C1: Premium (pts) | D1: Dealt rate % used | E1: Gross spread bp | F1: Net spread bp | G1: Verdict | I1: Uses the fixed rate priced on the Structure tab (Results!B7). For a different term, re-price with that term.
A2: 40 | B2: 4 | C2: 1 | D2: =Results!$B$7 | E2: =ROUND((B2-D2)*100,0) | F2: =E2-Settings!$B$6*C2 | G2: =IF(F2>=Settings!$B$8,"target",IF(F2>=Settings!$B$7,"minimum","out"))
A3: 40 | B3: 4.25 | C3: 1 | D3: =Results!$B$7 | E3: =ROUND((B3-D3)*100,0) | F3: =E3-Settings!$B$6*C3 | G3: =IF(F3>=Settings!$B$8,"target",IF(F3>=Settings!$B$7,"minimum","out"))
A4: 40 | B4: 4.5 | C4: 2 | D4: =Results!$B$7 | E4: =ROUND((B4-D4)*100,0) | F4: =E4-Settings!$B$6*C4 | G4: =IF(F4>=Settings!$B$8,"target",IF(F4>=Settings!$B$7,"minimum","out"))
A5: 40 | B5: 4.75 | C5: 2 | D5: =Results!$B$7 | E5: =ROUND((B5-D5)*100,0) | F5: =E5-Settings!$B$6*C5 | G5: =IF(F5>=Settings!$B$8,"target",IF(F5>=Settings!$B$7,"minimum","out"))
A6: 40 | B6: 5 | C6: 2 | D6: =Results!$B$7 | E6: =ROUND((B6-D6)*100,0) | F6: =E6-Settings!$B$6*C6 | G6: =IF(F6>=Settings!$B$8,"target",IF(F6>=Settings!$B$7,"minimum","out"))
A7: 40 | B7: 5.5 | C7: 3 | D7: =Results!$B$7 | E7: =ROUND((B7-D7)*100,0) | F7: =E7-Settings!$B$6*C7 | G7: =IF(F7>=Settings!$B$8,"target",IF(F7>=Settings!$B$7,"minimum","out"))
A8: 50 | B8: 4.5 | C8: 2 | D8: =Results!$B$7 | E8: =ROUND((B8-D8)*100,0) | F8: =E8-Settings!$B$6*C8 | G8: =IF(F8>=Settings!$B$8,"target",IF(F8>=Settings!$B$7,"minimum","out"))
A9: 50 | B9: 4.75 | C9: 2 | D9: =Results!$B$7 | E9: =ROUND((B9-D9)*100,0) | F9: =E9-Settings!$B$6*C9 | G9: =IF(F9>=Settings!$B$8,"target",IF(F9>=Settings!$B$7,"minimum","out"))
A10: 50 | B10: 5 | C10: 3 | D10: =Results!$B$7 | E10: =ROUND((B10-D10)*100,0) | F10: =E10-Settings!$B$6*C10 | G10: =IF(F10>=Settings!$B$8,"target",IF(F10>=Settings!$B$7,"minimum","out"))
A11: 50 | B11: 5.5 | C11: 3 | D11: =Results!$B$7 | E11: =ROUND((B11-D11)*100,0) | F11: =E11-Settings!$B$6*C11 | G11: =IF(F11>=Settings!$B$8,"target",IF(F11>=Settings!$B$7,"minimum","out"))
A12: 30 | B12: 5 | C12: 1 | D12: =Results!$B$7 | E12: =ROUND((B12-D12)*100,0) | F12: =E12-Settings!$B$6*C12 | G12: =IF(F12>=Settings!$B$8,"target",IF(F12>=Settings!$B$7,"minimum","out"))
A13: 30 | B13: 5.5 | C13: 2 | D13: =Results!$B$7 | E13: =ROUND((B13-D13)*100,0) | F13: =E13-Settings!$B$6*C13 | G13: =IF(F13>=Settings!$B$8,"target",IF(F13>=Settings!$B$7,"minimum","out"))

Sheet Collateral
A1: Rates move (parallel) | B1: Investor posts £ | C1: % of notional | G1: Reference: 40y at 1.43%, semi-annual 2-15, £10m, live data 2026-09-22 (from the briefing). Not recomputed by the slim script.
A2: +50 / +100 bp | B2: 0 | C2: 0
A3: -25 bp | B3: 160000 | C3: 1.6
A4: -50 bp | B4: 340000 | C4: 3.4
A5: -100 bp | B5: 750000 | C5: 7.5
A6: -150 bp | B6: 1260000 | C6: 12.6
A7: -200 bp | B7: 1890000 | C7: 18.9
A8: -300 bp | B8: 3650000 | C8: 36.5
A11: Year | B11: Swap still alive | C11: Average posting £ | D11: 95th percentile £ | E11: 99th percentile £
A12: 2 | B12: 100% | C12: 800000 | D12: 3900000 | E12: 7800000
A13: 3 | B13: 41% | C13: 800000 | D13: 4300000 | E13: 9300000
A14: 5 | B14: 27% | C14: 700000 | D14: 4200000 | E14: 10100000
A15: 7 | B15: 19% | C15: 600000 | D15: 3700000 | E15: 10600000
A16: 10 | B16: 13% | C16: 400000 | D16: 2300000 | E16: 9200000
A17: 15 | B17: 5% | C17: 200000 | D17: 0 | E17: 5000000
